Voltage_measured,Current_measured,Temperature_measured,Current_load,Voltage_load,Time
4.246711254,0.000252389,6.212696116,0.0002,0,0
4.246764126,-0.001411065,6.23401887,0.0002,4.262,9.36
4.039277018,-0.995093412,6.250254736,1,3.465,23.281
4.019506433,-0.99673106,6.302175659,1,3.451,36.406
4.004763261,-0.992844635,6.361644678,1,3.438,49.625
3.992862708,-0.995956609,6.399692359,1,3.427,62.813
3.982346795,-0.994664803,6.233613052,1,3.419,75.891
3.972457811,-0.998752929,5.984853972,1,3.4,89.031
3.963740041,-0.994139792,5.857701989,1,3.391,102.141
3.955432273,-0.993796863,5.77231317,1,3.386,115.297
3.947905975,-0.994119861,5.650974084,1,3.381,128.438
3.940774901,-0.995193503,5.571673053,1,3.376,141.578
3.933846619,-0.995694148,5.51571432,1,3.37,154.719
3.927392355,-0.994085087,5.456809123,1,3.366,167.813
3.921197979,-0.995066288,5.378785108,1,3.361,180.906
3.915208327,-0.996569699,5.314407194,1,3.355,194
3.909650116,-0.995161385,5.274538338,1,3.351,207.11
3.904190136,-0.994442529,5.174515866,1,3.346,220.219
3.898996131,-0.995209348,5.129142434,1,3.341,233.313
3.893760441,-0.995748599,5.008084294,1,3.337,246.422
3.888806462,-0.994180396,5.05130076,1,3.332,259.547
3.8843693,-0.994410213,5.242850809,1,3.328,272.625
3.880096699,-0.996444529,5.386734893,1,3.324,285.75
3.876255755,-0.996192372,5.513976643,1,3.32,298.86
3.872645903,-0.993947955,5.639390669,1,3.317,311.953
3.869158006,-0.996373401,5.758325847,1,3.314,325.094
3.866015371,-0.995146487,5.832963155,1,3.311,338.172
3.862977665,-0.994359151,5.915867237,1,3.308,351.235
3.860406957,-0.995296693,5.973522128,1,3.306,364.313
3.857410361,-0.993506043,6.037473775,1,3.303,377.406
3.854711367,-0.994210052,6.112633317,1,3.301,390.516
3.852005699,-0.995061121,6.190764215,1,3.298,403.61
3.849604501,-0.995206017,6.228757753,1,3.296,416.688
3.847234478,-0.99509557,6.296519506,1,3.294,429.75
3.84500192,-0.995864331,6.341221315,1,3.292,442.875
3.842734138,-0.995628836,6.394275142,1,3.29,455.922
3.840625626,-0.996504998,6.457729511,1,3.288,469.031
3.838447189,-0.997270674,6.518485934,1,3.286,482.11
3.83645231,-0.99669339,6.573952638,1,3.284,495.235
3.834430074,-0.9949791,6.623962079,1,3.282,508.313
3.832303021,-0.995112991,6.674110924,1,3.28,521.391
3.830475961,-0.995498645,6.726003782,1,3.278,534.469
3.828399404,-0.996327731,6.804624309,1,3.276,547.578
3.826609993,-0.996265918,6.841049856,1,3.275,560.641
3.824602414,-0.995434708,6.886019578,1,3.273,573.719
3.822756321,-0.994106315,6.933161266,1,3.271,586.813
3.820908791,-0.995464334,7.000959062,1,3.27,599.969
3.819095767,-0.994671763,7.045317696,1,3.268,613.078
3.817283113,-0.995318088,7.083648584,1,3.266,626.141
3.815264179,-0.995442914,7.129010663,1,3.264,639.25
3.813663785,-0.996536928,7.189792087,1,3.262,652.36
3.8117031,-0.994996441,7.227604996,1,3.26,665.453
3.809907427,-0.996282642,7.287290052,1,3.258,678.469
3.807906799,-0.995232228,7.345077898,1,3.256,691.594
3.806119107,-0.9932865,7.377228607,1,3.254,704.719
3.804180802,-0.996467148,7.42405932,1,3.253,717.813
3.802369797,-0.994758843,7.472801408,1,3.251,730.906
3.800441005,-0.995432324,7.525452295,1,3.249,744
3.798609398,-0.997639781,7.547809576,1,3.247,757.156
3.796598385,-0.995278621,7.607205522,1,3.246,770.235
3.79467303,-0.996239983,7.630981285,1,3.244,783.281
3.792815864,-0.995386177,7.680971345,1,3.242,796.344
3.790841614,-0.997009964,7.721158202,1,3.24,809.406
3.788828704,-0.995779247,7.748127947,1,3.238,822.469
3.786995487,-0.99502996,7.80668294,1,3.236,835.61
3.784845992,-0.9953165,7.830478455,1,3.234,848.719
3.782873709,-0.995734372,7.860226617,1,3.232,861.828
3.780848584,-0.995907321,7.885436181,1,3.23,874.891
3.77869381,-0.995826285,7.916413611,1,3.228,887.969
3.776683537,-0.995068946,7.959721784,1,3.226,901.063
3.774582179,-0.994861003,7.998292255,1,3.224,914.156
3.77235441,-0.995928973,8.022614655,1,3.222,927.281
3.770197215,-0.994992622,8.059762003,1,3.22,940.391
3.768093671,-0.995308904,8.091633058,1,3.218,953.547
3.765989332,-0.995120863,8.125330274,1,3.216,966.594
3.76399034,-0.994461511,8.173968076,1,3.214,979.656
3.76196122,-0.99576928,8.197198798,1,3.212,992.719
3.759717368,-0.994474421,8.231139185,1,3.21,1005.828
3.757761723,-0.994472361,8.230115068,1,3.207,1018.953
3.755571559,-0.994123695,8.255355669,1,3.206,1032.016
3.753607861,-0.996953444,8.27964589,1,3.204,1045.078
3.751288632,-0.994342041,8.298296273,1,3.201,1058.188
3.749279095,-0.99553552,8.325840071,1,3.199,1071.313
3.747002791,-0.995782526,8.363321204,1,3.197,1084.406
3.745168287,-0.996945323,8.409383019,1,3.195,1097.563
3.74312594,-0.99567046,8.446759892,1,3.193,1110.625
3.74123751,-0.99511065,8.449758304,1,3.191,1123.703
3.739034466,-0.994685737,8.471811692,1,3.19,1136.781
3.737066859,-0.996107937,8.486003042,1,3.187,1149.875
3.735033527,-0.995285534,8.496496508,1,3.185,1162.985
3.733219737,-0.996326115,8.530907356,1,3.183,1176.047
3.731363881,-0.99383986,8.558322854,1,3.181,1189.156
3.729264025,-0.99309745,8.585014593,1,3.18,1202.235
3.72739853,-0.994956794,8.605322183,1,3.178,1215.328
3.725568493,-0.995759008,8.610200872,1,3.176,1228.516
3.723618681,-0.994244529,8.624214694,1,3.174,1241.625
3.722012688,-0.995041159,8.643997358,1,3.172,1254.75
3.720079642,-0.995401449,8.619536214,1,3.171,1267.828
3.718112635,-0.994841902,8.455470432,1,3.169,1280.875
3.716110654,-0.994151973,8.220237723,1,3.167,1293.922
3.71383577,-0.996111971,8.025831808,1,3.165,1307
3.71158011,-0.99601634,7.851163506,1,3.162,1320.11
3.708890831,-0.994211484,7.625832869,1,3.16,1333.188
3.70643228,-0.995510265,7.50200027,1,3.158,1346.328
3.703725928,-0.995912905,7.342150103,1,3.155,1359.453
3.701009577,-0.995141881,7.177924045,1,3.152,1372.5
3.698334332,-0.997487574,7.089226126,1,3.15,1385.578
3.69534887,-0.996694403,7.043927478,1,3.147,1398.656
3.69255436,-0.995332467,6.876555853,1,3.144,1411.735
3.689675003,-0.994648191,6.768934198,1,3.142,1424.875
3.686627722,-0.995078306,6.67613752,1,3.139,1437.953
3.683536323,-0.995411291,6.470160274,1,3.136,1451.063
3.680597147,-0.995696831,6.395082383,1,3.133,1464.203
3.67770478,-0.994647808,6.322070013,1,3.13,1477.297
3.67472827,-0.994971376,6.412802535,1,3.127,1490.406
3.671971776,-0.994667612,6.567600043,1,3.124,1503.531
3.669325575,-0.99412998,6.626682441,1,3.122,1516.61
3.666880385,-0.994575184,6.70811056,1,3.12,1529.656
3.664589877,-0.994930118,6.760369111,1,3.117,1542.797
3.662594042,-0.996203474,6.798377113,1,3.115,1555.875
3.660434714,-0.994856323,6.824123529,1,3.113,1568.938
3.65856436,-0.993809706,6.853671376,1,3.11,1582.016
3.656421313,-0.996352932,6.894541376,1,3.108,1595.156
3.654683098,-0.996118778,6.898831855,1,3.106,1608.203
3.652842068,-0.99600907,6.928060525,1,3.105,1621.313
3.650823768,-0.995223462,6.933217504,1,3.103,1634.453
3.649270669,-0.997401194,6.950447695,1,3.101,1647.531
3.647363334,-0.996495048,6.987606517,1,3.1,1660.61
3.645829034,-0.996827124,7.007298182,1,3.098,1673.75
3.6439,-0.994933093,7.02664866,1,3.096,1686.813
3.6424409,-0.994971225,7.044673371,1,3.094,1699.875
3.640786936,-0.994329936,7.096530368,1,3.092,1713
3.63926289,-0.993974929,7.091983188,1,3.09,1726.11
3.637602989,-0.995817976,7.105520332,1,3.089,1739.188
3.636199151,-0.996114961,7.152313213,1,3.088,1752.297
3.634581904,-0.995045071,7.169210123,1,3.086,1765.438
3.633074472,-0.99613399,7.191955335,1,3.084,1778.531
3.631587443,-0.996205714,7.213497618,1,3.082,1791.61
3.630157403,-0.996097124,7.249852754,1,3.081,1804.766
3.62894646,-0.994888952,7.268872978,1,3.08,1817.828
3.62744526,-0.995132545,7.319358565,1,3.078,1830.922
3.625995844,-0.995015585,7.339813877,1,3.078,1844.078
3.624796434,-0.995087665,7.386537779,1,3.076,1857.141
3.623276524,-0.994022547,7.401948985,1,3.075,1870.203
3.621871006,-0.995220493,7.417450891,1,3.074,1883.391
3.620455027,-0.99722021,7.434432891,1,3.072,1896.453
3.619334392,-0.995511529,7.457925471,0.9998,3.071,1909.563
3.617924651,-0.995379088,7.475872382,1,3.07,1922.625
3.616557328,-0.99610764,7.519545637,1,3.069,1935.719
3.61510803,-0.995609866,7.531754041,1,3.068,1948.797
3.614014442,-0.995168627,7.5571206,1,3.066,1961.922
3.612673145,-0.99626969,7.564529257,1,3.065,1975.031
3.611472208,-0.995031063,7.591484727,1,3.064,1988.125
3.610250884,-0.993717579,7.626175267,1,3.063,2001.219
3.608846264,-0.995398568,7.657414462,1,3.062,2014.344
3.607704541,-0.995117486,7.693010557,1,3.06,2027.485
3.606397899,-0.995722518,7.700599589,1,3.06,2040.594
3.605120792,-0.996270488,7.72684611,1,3.058,2053.656
3.603948708,-0.997029546,7.744277051,1,3.057,2066.766
3.602794254,-0.99483484,7.783965272,1,3.056,2079.922
3.601557912,-0.995235785,7.780760771,1,3.054,2092.969
3.600347149,-0.995452592,7.832797994,1,3.053,2106.047
3.599079472,-0.995774338,7.828663595,1,3.052,2119.219
3.597894443,-0.995175639,7.857382154,1,3.051,2132.313
3.596657793,-0.99511921,7.867194704,1,3.05,2145.438
3.595464034,-0.994980431,7.904033325,1,3.048,2158.531
3.594305011,-0.995419968,7.929210332,1,3.048,2171.594
3.59307682,-0.996045326,7.945056685,1,3.046,2184.703
3.592028841,-0.994854845,7.981958438,1,3.046,2197.766
3.590760547,-0.99521017,7.988535945,1,3.044,2210.875
3.589696952,-0.994522,8.004632647,1,3.043,2223.969
3.588587504,-0.995487613,8.028937993,1,3.042,2237.047
3.587371045,-0.994427088,8.057898202,1,3.041,2250.094
3.58621011,-0.994461497,8.078839961,1,3.04,2263.25
3.585018792,-0.99475548,8.089568293,1,3.038,2276.391
3.58401716,-0.994142567,8.116380509,1,3.038,2289.547
3.582869298,-0.99477816,8.150374377,1,3.036,2302.735
3.581717607,-0.994129475,8.172067197,1,3.035,2315.781
3.580567887,-0.994265379,8.201583678,1,3.034,2328.86
3.579407215,-0.995008041,8.197026272,1,3.033,2341.891
3.578299103,-0.993324898,8.219764788,1,3.032,2355
3.57729069,-0.995128661,8.233502826,1,3.031,2368.094
3.576158694,-0.994376406,8.268671945,1,3.03,2381.172
3.575049347,-0.996562056,8.301435304,1,3.028,2394.219
3.573987957,-0.993757124,8.328915485,1,3.028,2407.328
3.572947884,-0.995662721,8.344129332,1,3.027,2420.438
3.57182998,-0.994608337,8.375873203,1,3.026,2433.531
3.570917013,-0.995249078,8.391727371,1,3.024,2446.656
3.569612282,-0.995187933,8.417643187,1,3.024,2459.797
3.568617069,-0.995323329,8.443452126,1,3.022,2472.875
3.567543845,-0.994778138,8.476325306,1,3.022,2485.938
3.566512651,-0.994416107,8.49279663,1,3.02,2499.11
3.565596383,-0.994223511,8.512783316,1,3.02,2512.235
3.564504287,-0.995585824,8.521589174,1,3.018,2525.328
3.5634754,-0.994689324,8.386474798,1,3.018,2538.453
3.562278656,-0.994678936,8.1097851,1,3.016,2551.563
3.560792472,-0.994335457,7.926866331,1,3.015,2564.672
3.559283687,-0.99558194,7.723031379,1,3.013,2577.719
3.557413299,-0.994293559,7.611477249,1,3.012,2590.813
3.555665005,-0.995037099,7.440895752,1,3.01,2603.875
3.553695454,-0.995073927,7.228894507,1,3.008,2617.063
3.55167093,-0.994035771,7.108552982,1,3.006,2630.156
3.549415617,-0.995971222,6.991740674,1,3.004,2643.297
3.547451219,-0.995348657,6.863030766,1,3.002,2656.375
3.545269778,-0.998051234,6.810625001,1,3,2669.469
3.542892533,-0.997218159,6.718680697,1,2.997,2682.516
3.540572965,-0.995727862,6.684842135,1,2.995,2695.625
3.538340987,-0.994763962,6.56698948,1,2.993,2708.719
3.536107816,-0.995848981,6.480337211,1,2.991,2721.86
3.533590769,-0.995213354,6.35672672,1,2.989,2734.953
3.531413689,-0.995464639,6.27711026,1,2.986,2748.047
3.529023986,-0.993648651,6.246106821,1,2.983,2761.219
3.526736857,-0.995774707,6.39144382,1,2.981,2774.328
3.524721028,-0.996393174,6.553139061,1,2.979,2787.453
3.522720676,-0.994616341,6.623197895,1,2.977,2800.5
3.52117818,-0.9950372,6.698947948,1,2.975,2813.578
3.519492791,-0.994414097,6.777304819,1,2.974,2826.656
3.518132798,-0.994676701,6.828531112,1,2.973,2839.766
3.516606149,-0.99323746,6.866229892,1,2.971,2852.891
3.515239305,-0.995270969,6.917718124,1,2.97,2866
3.514018016,-0.995403417,6.939549754,1,2.969,2879.141
3.512733621,-0.995506374,6.983356214,1,2.967,2892.235
3.511603293,-0.995146579,7.017733389,1,2.966,2905.422
3.510676901,-0.994531115,7.06367663,1,2.965,2918.625
3.50941382,-0.995100735,7.095416941,1,2.964,2931.766
3.508582449,-0.995396022,7.118356526,1,2.963,2944.844
3.507498912,-0.994574314,7.160872693,1,2.961,2957.938
3.50642814,-0.995208697,7.20522886,1,2.961,2971.016
3.505334425,-0.995374691,7.238210683,1,2.96,2984.156
3.504547784,-0.993804518,7.278152088,1,2.959,2997.266
3.50359815,-0.995034083,7.325664768,1,2.958,3010.328
3.502804921,-0.997120056,7.377788253,1,2.957,3023.469
3.50187873,-0.994857304,7.397144035,1,2.956,3036.547
3.500971782,-0.995391434,7.406891237,1,2.955,3049.625
3.500140525,-0.995115181,7.451504089,1,2.955,3062.719
3.499212874,-0.995723318,7.48881455,1,2.953,3075.875
3.498516477,-0.995124497,7.541218379,1,2.953,3088.985
3.497737612,-0.996223488,7.585405703,1,2.952,3102.156
3.496781947,-0.996199603,7.5856488,1,2.951,3115.328
3.495946248,-0.996492227,7.647061881,1,2.951,3128.422
3.49518949,-0.995312795,7.666215447,1,2.949,3141.485
3.494529064,-0.995999799,7.704642465,1,2.949,3154.594
3.493669698,-0.995225686,7.761006683,1,2.948,3167.703
3.493036767,-1.001101348,7.79210102,1,2.947,3180.844
3.492328226,-0.994780254,7.859331457,1,2.947,3193.969
3.491563543,-0.995525882,7.87660884,1,2.946,3207.016
3.490625992,-0.995125281,7.90758087,1,2.945,3220.11
3.489994491,-0.995649782,7.939647659,1,2.945,3233.188
3.489338764,-0.995947024,7.999870649,1,2.944,3246.266
3.488657803,-0.995183974,8.027799388,1,2.943,3259.344
3.487890012,-0.994094664,8.028047672,1,2.943,3272.485
3.487350825,-0.995894206,8.046394613,1,2.942,3285.563
3.486454599,-0.997039132,8.094251948,1,2.941,3298.735
3.485661119,-0.995091515,8.123025498,1,2.941,3311.828
3.485021953,-0.996753911,8.146628564,1,2.94,3324.969
3.484477324,-0.995513355,8.188197988,1,2.939,3338.125
3.483561937,-0.99381245,8.202600777,1,2.938,3351.266
3.48292188,-0.99498677,8.23870798,1,2.937,3364.453
3.482315587,-0.995752401,8.257091978,1,2.937,3377.625
3.481453244,-0.994958869,8.298195133,1,2.936,3390.797
3.480845346,-0.995152141,8.345030762,1,2.935,3403.938
3.480104308,-0.996273374,8.355976755,1,2.935,3417.078
3.4793074,-0.995919519,8.375761095,1,2.934,3430.219
3.478656757,-0.994878999,8.406159207,1,2.933,3443.422
3.477944508,-0.995589118,8.42928354,1,2.933,3456.594
3.477271995,-0.996826819,8.457562396,1,2.931,3469.719
3.476484235,-0.994241543,8.483589568,1,2.931,3482.828
3.475748716,-0.996722258,8.537186793,1,2.93,3495.922
3.475040538,-0.995555044,8.5446893,1,2.929,3509
3.474287621,-0.993408477,8.569542388,1,2.929,3522.203
3.473466965,-0.994580004,8.607966674,1,2.928,3535.344
3.472737261,-0.9951211,8.609446409,1,2.927,3548.422
3.472019768,-0.995629909,8.64309873,1,2.927,3561.531
3.471197818,-0.995761142,8.674582826,1,2.926,3574.625
3.470470783,-0.993302052,8.725820484,1,2.925,3587.735
3.469671844,-0.995313592,8.727678105,1,2.924,3600.828
3.469000094,-0.994801063,8.779329062,1,2.923,3613.922
3.468181682,-0.995259718,8.807525999,1,2.923,3627.063
3.467381299,-0.995955625,8.83822965,1,2.922,3640.172
3.466777147,-0.995808533,8.859085178,1,2.921,3653.281
3.466008146,-0.994315315,8.884051981,1,2.921,3666.391
3.465111904,-0.994438424,8.909250809,1,2.92,3679.516
3.464497434,-0.995543554,8.941985128,1,2.919,3692.656
3.463568423,-0.994956453,8.940032956,1,2.918,3705.86
3.462814187,-0.996335263,8.98710412,1,2.917,3718.985
3.462142725,-0.994170309,8.998776017,1,2.917,3732.094
3.461267941,-0.997126225,9.027878156,1,2.916,3745.219
3.460682395,-0.992154925,9.054563285,1,2.915,3758.344
3.459682486,-0.994617915,9.096776355,1,2.914,3771.516
3.458877156,-0.995051776,9.097045598,1,2.913,3784.61
3.458014737,-0.995783172,9.133877134,1,2.913,3797.766
3.457300023,-0.994411252,9.139833178,1,2.912,3810.891
3.456616749,-0.995153784,9.03950676,1,2.911,3824
3.455509501,-0.995103504,8.745071054,1,2.91,3837.11
3.453995595,-0.994669744,8.544638067,1,2.909,3850.156
3.452542071,-0.995278226,8.408139517,1,2.907,3863.313
3.450998405,-0.994926634,8.30395988,1,2.906,3876.406
3.448951191,-0.99487206,8.180981447,1,2.904,3889.594
3.447097018,-0.997270437,7.992354128,1,2.902,3902.672
3.445042776,-0.994937701,7.873294089,1,2.9,3915.766
3.442754386,-0.995860857,7.759185474,1,2.897,3928.891
3.440375142,-0.995617633,7.655513642,1,2.895,3941.985
3.438061422,-0.994934986,7.566494687,1,2.893,3955.047
3.435672611,-0.994128694,7.432633388,1,2.891,3968.141
3.433094641,-0.997028845,7.311164578,1,2.888,3981.297
3.430388258,-0.996638653,7.225846946,1,2.885,3994.406
3.42781673,-0.99471141,7.142842831,1,2.883,4007.563
3.425110724,-0.994374674,7.072860098,1,2.88,4020.766
3.422324876,-0.99456155,7.177157616,1,2.878,4033.875
3.420069925,-0.996111217,7.322216433,1,2.875,4046.985
3.41772004,-0.994295708,7.409888208,1,2.873,4060.11
3.415780177,-0.994819866,7.513100609,1,2.871,4073.266
3.413945845,-0.995918735,7.557387059,1,2.869,4086.328
3.412171551,-0.994836831,7.611625278,1,2.867,4099.422
3.410371587,-0.99615782,7.682892539,1,2.865,4112.61
3.408821521,-0.995137966,7.750260297,1,2.863,4125.703
3.407045142,-0.994605702,7.783957488,1,2.862,4138.891
3.40557383,-0.995586414,7.808956359,1,2.86,4151.938
3.403963245,-0.995043641,7.854757194,1,2.859,4165.078
3.40269953,-0.995169494,7.904538043,1,2.857,4178.219
3.40122885,-0.994047202,7.903723659,1,2.856,4191.344
3.399836975,-0.994461222,7.946102257,1,2.855,4204.453
3.398648428,-0.997821149,7.990589078,1,2.853,4217.531
3.39752993,-0.994999561,8.016247909,1,2.852,4230.641
3.396216409,-0.998787926,8.022351385,1,2.851,4243.75
3.394770379,-0.996541277,8.093577153,1,2.849,4256.828
3.393724949,-0.994654694,8.136866906,1,2.848,4269.875
3.392274524,-0.994969746,8.147889716,1,2.847,4283.047
3.391116726,-0.995894014,8.213956767,1,2.845,4296.141
3.389953295,-0.993780017,8.248131435,1,2.845,4309.235
3.388393307,-0.995080734,8.287914373,1,2.843,4322.36
3.387525767,-0.994506568,8.326157729,1,2.842,4335.485
3.386219477,-0.994455604,8.351342818,1,2.841,4348.625
3.384998748,-0.996154939,8.384870053,1,2.84,4361.86
3.383618764,-0.997217687,8.421358027,1,2.839,4375.172
3.382407251,-0.996009113,8.463512842,1,2.837,4388.438
3.381262885,-0.995034078,8.502799651,1,2.836,4401.75
3.380052323,-0.995925422,8.521798901,1,2.835,4414.985
3.378846938,-0.994809688,8.591148382,1,2.834,4428.266
3.377598278,-0.995098303,8.617344274,1,2.833,4441.5
3.376300113,-0.99521605,8.657147654,1,2.831,4454.703
3.375063966,-0.993027649,8.704050767,1,2.83,4468.016
3.373951184,-0.995894644,8.751910151,1,2.829,4481.25
3.372680255,-0.996743882,8.776369788,1,2.827,4494.516
3.371376326,-0.995012512,8.796939623,1,2.826,4507.719
3.370068013,-0.996650464,8.862095971,1,2.825,4520.938
3.368914753,-0.994869621,8.878615558,1,2.823,4534.219
3.367606249,-0.996023298,8.91678363,1,2.822,4547.578
3.366343441,-0.997291977,8.938084886,1,2.821,4560.797
3.364862593,-0.995322474,8.969858275,1,2.82,4574
3.363407385,-0.995690032,8.992156577,1,2.819,4587.235
3.362040166,-0.994330213,9.030355582,1,2.817,4600.469
3.360676834,-0.994823461,9.040240163,1,2.816,4613.719
3.35917558,-0.994302828,9.097750365,1,2.814,4626.938
3.357687888,-0.996046531,9.125881831,1,2.813,4640.203
3.356351454,-0.994980618,9.143516424,1,2.811,4653.469
3.354768698,-0.995923121,9.164196626,1,2.81,4666.797
3.353080489,-0.995770464,9.207747449,1,2.809,4679.985
3.351539152,-0.99494905,9.247858346,1,2.807,4693.266
3.350144571,-0.995531633,9.283001033,1,2.805,4706.453
3.348511808,-0.995432313,9.308988416,1,2.803,4719.703
3.346940627,-0.995358902,9.331577771,1,2.802,4732.953
3.345402952,-0.995311556,9.35588342,1,2.801,4746.203
3.343717506,-0.9948107,9.382475339,1,2.799,4759.469
3.341991897,-0.997311134,9.417092208,1,2.797,4772.719
3.340198563,-0.994039892,9.433677611,1,2.795,4786
3.33822321,-0.995640516,9.484025266,1,2.793,4799.25
3.336583535,-0.996252244,9.531395149,1,2.792,4812.485
3.3351095,-0.993826078,9.553860801,1,2.79,4825.735
3.333191517,-0.994771571,9.590396452,1,2.788,4838.922
3.331479794,-0.994491566,9.608629798,1,2.787,4852.125
3.329512307,-0.996982053,9.64513893,1,2.785,4865.422
3.327527919,-0.99561472,9.676228177,1,2.783,4878.672
3.325828117,-0.996769492,9.727067001,1,2.781,4891.985
3.323896465,-0.996667734,9.748091079,1,2.779,4905.219
3.321683695,-0.995899498,9.751833266,1,2.777,4918.453
3.319693959,-0.995153949,9.791726837,1,2.775,4931.672
3.317580915,-0.99566337,9.83748417,1,2.773,4944.891
3.315432589,-0.997187057,9.840941797,1,2.771,4958.125
3.313360051,-0.9950784,9.900247594,1,2.769,4971.375
3.311165033,-0.994935943,9.915566259,1,2.767,4984.61
3.308974471,-0.994687492,9.953522279,1,2.765,4997.844
3.306806549,-0.995169533,9.981366124,1,2.763,5011.094
3.304466428,-0.995793432,10.02763484,1,2.761,5024.328
3.302241894,-0.996221443,10.0344979,1,2.758,5037.61
3.299827993,-0.995018097,10.08154152,1,2.755,5050.906
3.297457816,-0.995424191,10.05961574,1,2.753,5064.11
3.294661518,-0.995484542,9.841407965,1,2.751,5077.328
3.291568806,-0.995020685,9.637265448,1,2.747,5090.547
3.287957251,-0.995946818,9.436062073,1,2.744,5103.781
3.284197374,-0.995236592,9.289643616,1,2.74,5117.031
3.279976412,-0.995130568,9.113636596,1,2.736,5130.297
3.275737954,-0.995755313,8.984968795,1,2.732,5143.5
3.270935884,-0.995848213,8.849839192,1,2.727,5156.735
3.266169894,-0.995184549,8.736253354,1,2.723,5169.969
3.261299136,-0.995471214,8.652626302,1,2.717,5183.219
3.255989362,-0.996304756,8.606338698,1,2.712,5196.516
3.250608241,-0.995344827,8.445971607,1,2.707,5209.813
3.24498548,-0.994402442,8.352157551,1,2.701,5223.125
3.239320278,-0.992565681,8.241470214,1,2.696,5236.344
3.233500116,-0.995459896,8.227027098,1,2.69,5249.656
3.227669456,-0.995141015,8.200768876,1,2.684,5262.891
3.221682762,-0.995684374,8.262774755,1,2.678,5276.141
3.216138188,-0.995755097,8.417546651,1,2.673,5289.516
3.210649742,-0.995376621,8.487646318,1,2.667,5302.797
3.205434988,-0.994760533,8.592413642,1,2.662,5316.078
3.20029199,-0.995593067,8.673750881,1,2.657,5329.344
3.195219948,-0.994248295,8.724841346,1,2.652,5342.594
3.190259609,-0.995716169,8.78533057,1,2.646,5355.844
3.185081676,-0.994125796,8.859500337,1,2.642,5369.219
3.180129362,-0.996711495,8.898316514,1,2.636,5382.453
3.175236869,-0.994046243,8.968223541,1,2.632,5395.688
3.170485341,-0.996749344,9.018542705,1,2.627,5408.906
3.165428272,-0.994704872,9.05020004,1,2.622,5422.156
3.160368093,-0.996897914,9.084287764,1,2.616,5435.391
3.155139982,-0.995482692,9.143377847,1,2.611,5448.641
3.149965619,-0.994933056,9.234461892,1,2.606,5461.938
3.144820354,-0.994220399,9.212588958,1,2.601,5475.172
3.139252195,-0.996146766,9.243578723,1,2.596,5488.406
3.13398747,-0.995212022,9.352178627,1,2.59,5501.688
3.128410378,-0.994485638,9.361428082,1,2.584,5514.953
3.122950251,-0.996448299,9.45213767,1,2.579,5528.266
3.117213574,-0.994862933,9.497491849,1,2.573,5541.531
3.111512147,-0.996548702,9.524944944,1,2.568,5554.766
3.105419311,-0.994887614,9.568483658,1,2.562,5568.031
3.099286634,-0.994234272,9.605103195,1,2.556,5581.375
3.093125124,-0.997207808,9.652898815,1,2.549,5594.594
3.086741856,-0.995652361,9.701804094,1,2.543,5607.813
3.080373927,-0.996134565,9.751419536,1,2.536,5621.047
3.073805721,-0.996080512,9.800535443,1,2.53,5634.297
3.066985494,-0.995393053,9.844641909,1,2.523,5647.516
3.060191477,-0.993523601,9.910290385,1,2.516,5660.735
3.053148254,-0.996966377,9.996225655,1,2.509,5673.969
3.046044672,-0.996615904,10.08810227,1,2.502,5687.203
3.038460115,-0.995474642,10.12826841,1,2.494,5700.406
3.03100286,-0.997277223,10.17615169,1,2.487,5713.688
3.023111709,-0.996701263,10.20361791,1,2.479,5726.891
3.015191693,-0.996029155,10.24245812,1,2.471,5740.141
3.007012013,-0.994579544,10.37074877,1,2.463,5753.344
2.998243877,-0.996140844,10.38844827,1,2.454,5766.578
2.989758599,-0.994974341,10.40858594,1,2.446,5779.781
2.980599544,-0.995117975,10.4932127,1,2.436,5793
2.971227656,-0.995822513,10.55961711,1,2.427,5806.203
2.961558399,-0.996952917,10.59585362,1,2.418,5819.438
2.951554266,-0.997070955,10.62328364,1,2.408,5832.688
2.941345488,-0.996398681,10.68018565,1,2.398,5845.953
2.930887417,-0.996147336,10.76785566,1,2.387,5859.25
2.919961193,-0.994052694,10.80944477,1,2.376,5872.453
2.908525386,-0.996105133,10.87044194,1,2.365,5885.719
2.896630584,-0.994592073,10.90085966,1,2.354,5898.938
2.884318626,-0.996148974,10.95232618,1,2.341,5912.172
2.871468347,-0.99563855,11.04162762,1,2.329,5925.406
2.858615404,-0.995777946,11.07297991,1,2.315,5938.672
2.844613406,-0.995835967,11.16469464,1,2.302,5951.938
2.830417336,-0.996735557,11.22268313,1,2.288,5965.172
2.815465596,-0.994459586,11.27856641,1,2.273,5978.375
2.800050111,-0.995448607,11.29487025,1,2.257,5991.672
2.783703599,-0.996680602,11.3477868,1,2.241,6004.953
2.766505709,-0.993616886,11.40696951,1,2.224,6018.36
2.748658244,-0.996867533,11.49089109,1,2.206,6031.735
2.729931967,-0.994149446,11.56608667,1,2.187,6045.141
2.710132039,-0.995934583,11.63264993,1,2.167,6058.5
2.689299531,-0.993049581,11.71314599,1,2.147,6071.906
2.667439029,-0.994585171,11.74436967,1,2.125,6085.297
2.644067362,-0.99653542,11.77268126,1,2.101,6098.656
2.619395341,-0.995904856,11.90091426,1,2.078,6112.047
2.593520085,-0.993901371,11.97714597,1,2.052,6125.438
2.565612525,-0.995724965,12.03821521,1,2.025,6138.875
2.536252808,-0.993844463,12.12862903,1,1.996,6152.281
2.504669382,-0.994457784,12.23462595,1,1.965,6165.672
2.470611867,-0.994877547,12.3480179,1,1.931,6179.11
2.942942296,-0.00068933,12.37681588,0.0002,0,6192.656
3.050193703,-0.002597584,12.37407852,0.0002,0,6206.219
3.100974915,-0.001946545,12.25116274,0.0004,0,6219.719
3.136892909,-0.000317889,12.13902886,0.0004,0,6233.266
3.165273105,-0.001656938,12.07836095,0.0004,0,6246.781
3.188727647,-0.002667151,11.95211857,0.0004,0,6260.313
3.208950031,-0.004330837,11.82276327,0.0002,0,6273.781
3.226390081,-0.001614024,11.71681662,0.0002,0,6287.313
3.241580381,-0.002750398,11.45851732,0.0002,0,6300.797
3.254667274,-0.000754177,11.13699832,0.0002,0,6314.297
3.266316424,-0.001100686,10.74910652,0.0004,0,6327.813
3.276959751,-0.002825853,10.50881635,0.0002,0,6341.297
3.286418164,-0.001336773,10.15054583,0.0002,0,6354.906
3.295167554,-0.001465304,9.89639505,0.0002,0,6368.422
3.30325145,-0.001759689,9.662330686,0.0004,0,6382.063
3.31030342,-0.00075642,9.390488931,0.0002,0,6395.547
3.317351266,-0.003318183,9.137008089,0.0002,0,6409.063
3.323386671,-0.002291332,8.972806149,0.0002,0,6422.625
3.329356484,-0.001325984,8.756380753,0.0002,0,6436.141
